candidate_id,job_id,score,predicted_label,expected_label
C001,J001,0.222,weak,weak
C001,J002,0.348,medium,medium
C001,J003,0.0,no_fit,no_fit
C001,J004,0.364,medium,weak
C001,J005,0.571,strong,medium
C001,J006,0.231,weak,no_fit
C001,J007,0.636,strong,medium
C001,J008,0.733,strong,medium
C001,J009,0.2,weak,no_fit
C001,J010,0.125,weak,weak
C001,J011,0.2,weak,no_fit
C001,J012,0.0,no_fit,no_fit
C001,J013,0.75,strong,medium
C001,J014,0.333,medium,no_fit
C001,J015,0.0,no_fit,no_fit
C001,J016,1.0,strong,weak
C001,J017,1.0,strong,medium
C001,J018,0.0,no_fit,no_fit
C001,J019,0.0,no_fit,no_fit
C001,J020,1.0,strong,medium
C001,J021,0.3,medium,weak
C002,J001,0.0,no_fit,no_fit
C002,J002,0.261,medium,medium
C002,J003,0.6,strong,strong
C002,J004,0.273,medium,medium
C002,J005,0.0,no_fit,no_fit
C002,J006,0.0,no_fit,no_fit
C002,J007,0.0,no_fit,no_fit
C002,J008,0.2,weak,weak
C002,J009,0.0,no_fit,no_fit
C002,J010,0.0,no_fit,no_fit
C002,J011,0.6,strong,weak
C002,J012,0.667,strong,no_fit
C002,J013,0.0,no_fit,no_fit
C002,J014,0.0,no_fit,no_fit
C002,J015,1.0,strong,medium
C002,J016,0.0,no_fit,no_fit
C002,J017,0.0,no_fit,no_fit
C002,J018,0.0,no_fit,no_fit
C002,J019,0.667,strong,strong
C002,J020,0.0,no_fit,no_fit
C002,J021,0.0,no_fit,weak
C003,J001,0.111,weak,no_fit
C003,J002,0.609,strong,medium
C003,J003,0.0,no_fit,no_fit
C003,J004,0.5,strong,medium
C003,J005,0.571,strong,medium
C003,J006,0.115,weak,no_fit
C003,J007,0.636,strong,weak
C003,J008,0.333,medium,medium
C003,J009,0.0,no_fit,no_fit
C003,J010,0.125,weak,no_fit
C003,J011,0.4,strong,weak
C003,J012,0.0,no_fit,no_fit
C003,J013,0.75,strong,weak
C003,J014,0.0,no_fit,no_fit
C003,J015,0.0,no_fit,no_fit
C003,J016,1.0,strong,weak
C003,J017,0.714,strong,weak
C003,J018,0.0,no_fit,no_fit
C003,J019,0.0,no_fit,no_fit
C003,J020,0.5,strong,weak
C003,J021,0.6,strong,weak
C004,J001,0.519,strong,strong
C004,J002,0.0,no_fit,no_fit
C004,J003,0.0,no_fit,no_fit
C004,J004,0.0,no_fit,no_fit
C004,J005,0.0,no_fit,no_fit
C004,J006,0.538,strong,strong
C004,J007,0.0,no_fit,no_fit
C004,J008,0.0,no_fit,no_fit
C004,J009,0.8,strong,medium
C004,J010,0.188,weak,weak
C004,J011,0.0,no_fit,no_fit
C004,J012,0.0,no_fit,no_fit
C004,J013,0.125,weak,weak
C004,J014,1.0,strong,weak
C004,J015,0.0,no_fit,no_fit
C004,J016,0.0,no_fit,no_fit
C004,J017,0.0,no_fit,no_fit
C004,J018,1.0,strong,no_fit
C004,J019,0.0,no_fit,no_fit
C004,J020,0.0,no_fit,no_fit
C004,J021,0.0,no_fit,no_fit
C005,J001,0.333,medium,weak
C005,J002,0.13,weak,no_fit
C005,J003,0.0,no_fit,no_fit
C005,J004,0.136,weak,no_fit
C005,J005,0.214,weak,no_fit
C005,J006,0.346,medium,no_fit
C005,J007,0.0,no_fit,no_fit
C005,J008,0.0,no_fit,no_fit
C005,J009,0.6,strong,weak
C005,J010,0.0,no_fit,no_fit
C005,J011,0.2,weak,no_fit
C005,J012,0.0,no_fit,no_fit
C005,J013,0.25,medium,no_fit
C005,J014,0.333,medium,no_fit
C005,J015,0.0,no_fit,no_fit
C005,J016,0.0,no_fit,no_fit
C005,J017,0.0,no_fit,no_fit
C005,J018,1.0,strong,no_fit
C005,J019,0.0,no_fit,no_fit
C005,J020,0.0,no_fit,no_fit
C005,J021,0.3,medium,no_fit
C006,J001,0.0,no_fit,no_fit
C006,J002,0.0,no_fit,no_fit
C006,J003,0.4,strong,medium
C006,J004,0.0,no_fit,no_fit
C006,J005,0.0,no_fit,no_fit
C006,J006,0.0,no_fit,no_fit
C006,J007,0.0,no_fit,no_fit
C006,J008,0.0,no_fit,no_fit
C006,J009,0.0,no_fit,no_fit
C006,J010,0.0,no_fit,no_fit
C006,J011,0.6,strong,weak
C006,J012,0.667,strong,no_fit
C006,J013,0.0,no_fit,no_fit
C006,J014,0.0,no_fit,no_fit
C006,J015,0.5,strong,no_fit
C006,J016,0.0,no_fit,no_fit
C006,J017,0.0,no_fit,no_fit
C006,J018,0.0,no_fit,no_fit
C006,J019,0.333,medium,medium
C006,J020,0.0,no_fit,no_fit
C006,J021,0.0,no_fit,no_fit
C007,J001,0.556,strong,strong
C007,J002,0.0,no_fit,no_fit
C007,J003,0.0,no_fit,no_fit
C007,J004,0.0,no_fit,no_fit
C007,J005,0.0,no_fit,no_fit
C007,J006,0.577,strong,medium
C007,J007,0.0,no_fit,no_fit
C007,J008,0.0,no_fit,no_fit
C007,J009,1.0,strong,strong
C007,J010,0.0,no_fit,no_fit
C007,J011,0.0,no_fit,no_fit
C007,J012,0.0,no_fit,no_fit
C007,J013,0.125,weak,weak
C007,J014,0.333,medium,no_fit
C007,J015,0.0,no_fit,no_fit
C007,J016,0.0,no_fit,no_fit
C007,J017,0.0,no_fit,no_fit
C007,J018,1.0,strong,no_fit
C007,J019,0.0,no_fit,no_fit
C007,J020,0.0,no_fit,no_fit
C007,J021,0.0,no_fit,no_fit
C008,J001,0.0,no_fit,no_fit
C008,J002,0.391,medium,strong
C008,J003,0.0,no_fit,no_fit
C008,J004,0.409,strong,strong
C008,J005,0.214,weak,medium
C008,J006,0.0,no_fit,no_fit
C008,J007,0.182,weak,no_fit
C008,J008,0.4,strong,strong
C008,J009,0.0,no_fit,no_fit
C008,J010,0.125,weak,no_fit
C008,J011,0.2,weak,weak
C008,J012,0.0,no_fit,no_fit
C008,J013,0.25,medium,no_fit
C008,J014,0.0,no_fit,no_fit
C008,J015,0.0,no_fit,no_fit
C008,J016,1.0,strong,medium
C008,J017,0.286,medium,no_fit
C008,J018,0.0,no_fit,no_fit
C008,J019,0.0,no_fit,no_fit
C008,J020,0.5,strong,weak
C008,J021,0.3,medium,medium
C009,J001,0.333,medium,medium
C009,J002,0.087,no_fit,no_fit
C009,J003,0.0,no_fit,no_fit
C009,J004,0.091,no_fit,no_fit
C009,J005,0.143,weak,weak
C009,J006,0.346,medium,weak
C009,J007,0.273,medium,no_fit
C009,J008,0.133,weak,weak
C009,J009,0.4,strong,weak
C009,J010,0.188,weak,no_fit
C009,J011,0.0,no_fit,no_fit
C009,J012,0.0,no_fit,no_fit
C009,J013,0.5,strong,weak
C009,J014,0.333,medium,no_fit
C009,J015,0.0,no_fit,no_fit
C009,J016,0.0,no_fit,no_fit
C009,J017,0.429,strong,no_fit
C009,J018,0.0,no_fit,no_fit
C009,J019,0.0,no_fit,no_fit
C009,J020,0.0,no_fit,no_fit
C009,J021,0.0,no_fit,no_fit
C010,J001,0.111,weak,no_fit
C010,J002,0.217,weak,weak
C010,J003,0.2,weak,weak
C010,J004,0.364,medium,medium
C010,J005,0.357,medium,medium
C010,J006,0.115,weak,no_fit
C010,J007,0.455,strong,weak
C010,J008,0.333,medium,weak
C010,J009,0.0,no_fit,no_fit
C010,J010,0.125,weak,no_fit
C010,J011,0.8,strong,weak
C010,J012,0.333,medium,no_fit
C010,J013,0.625,strong,medium
C010,J014,0.0,no_fit,no_fit
C010,J015,0.0,no_fit,no_fit
C010,J016,1.0,strong,weak
C010,J017,0.714,strong,weak
C010,J018,0.0,no_fit,no_fit
C010,J019,0.0,no_fit,weak
C010,J020,0.5,strong,medium
C010,J021,0.6,strong,medium
C011,J001,0.111,weak,no_fit
C011,J002,0.217,weak,no_fit
C011,J003,0.0,no_fit,no_fit
C011,J004,0.091,no_fit,no_fit
C011,J005,0.571,strong,weak
C011,J006,0.115,weak,no_fit
C011,J007,0.636,strong,strong
C011,J008,0.333,medium,weak
C011,J009,0.0,no_fit,no_fit
C011,J010,0.188,weak,weak
C011,J011,0.0,no_fit,no_fit
C011,J012,0.0,no_fit,no_fit
C011,J013,0.375,medium,weak
C011,J014,0.0,no_fit,no_fit
C011,J015,0.0,no_fit,no_fit
C011,J016,0.0,no_fit,no_fit
C011,J017,0.714,strong,medium
C011,J018,0.0,no_fit,no_fit
C011,J019,0.0,no_fit,no_fit
C011,J020,0.5,strong,weak
C011,J021,0.0,no_fit,no_fit
C012,J001,0.0,no_fit,no_fit
C012,J002,0.0,no_fit,no_fit
C012,J003,0.4,strong,strong
C012,J004,0.0,no_fit,no_fit
C012,J005,0.0,no_fit,no_fit
C012,J006,0.0,no_fit,no_fit
C012,J007,0.0,no_fit,no_fit
C012,J008,0.0,no_fit,no_fit
C012,J009,0.0,no_fit,no_fit
C012,J010,0.0,no_fit,no_fit
C012,J011,0.0,no_fit,no_fit
C012,J012,0.0,no_fit,no_fit
C012,J013,0.0,no_fit,no_fit
C012,J014,0.0,no_fit,no_fit
C012,J015,0.5,strong,medium
C012,J016,0.0,no_fit,no_fit
C012,J017,0.0,no_fit,no_fit
C012,J018,0.0,no_fit,no_fit
C012,J019,0.667,strong,strong
C012,J020,0.0,no_fit,no_fit
C012,J021,0.0,no_fit,no_fit
C013,J001,0.222,weak,weak
C013,J002,0.087,no_fit,no_fit
C013,J003,0.0,no_fit,no_fit
C013,J004,0.091,no_fit,no_fit
C013,J005,0.143,weak,no_fit
C013,J006,0.231,weak,no_fit
C013,J007,0.273,medium,no_fit
C013,J008,0.133,weak,no_fit
C013,J009,0.2,weak,no_fit
C013,J010,0.0,no_fit,no_fit
C013,J011,0.0,no_fit,no_fit
C013,J012,0.0,no_fit,no_fit
C013,J013,0.375,medium,no_fit
C013,J014,0.0,no_fit,no_fit
C013,J015,0.0,no_fit,no_fit
C013,J016,0.0,no_fit,no_fit
C013,J017,0.429,strong,no_fit
C013,J018,0.0,no_fit,no_fit
C013,J019,0.0,no_fit,no_fit
C013,J020,0.0,no_fit,no_fit
C013,J021,0.0,no_fit,no_fit
C014,J001,0.111,weak,no_fit
C014,J002,0.478,strong,strong
C014,J003,0.0,no_fit,weak
C014,J004,0.5,strong,weak
C014,J005,0.357,medium,medium
C014,J006,0.115,weak,no_fit
C014,J007,0.455,strong,weak
C014,J008,0.733,strong,strong
C014,J009,0.0,no_fit,no_fit
C014,J010,0.125,weak,no_fit
C014,J011,0.2,weak,no_fit
C014,J012,0.0,no_fit,no_fit
C014,J013,0.625,strong,weak
C014,J014,0.0,no_fit,no_fit
C014,J015,0.0,no_fit,no_fit
C014,J016,1.0,strong,weak
C014,J017,0.714,strong,weak
C014,J018,0.0,no_fit,no_fit
C014,J019,0.0,no_fit,weak
C014,J020,0.5,strong,medium
C014,J021,0.3,medium,weak
C015,J001,0.0,no_fit,no_fit
C015,J002,0.391,medium,medium
C015,J003,0.4,strong,weak
C015,J004,0.409,strong,strong
C015,J005,0.429,strong,weak
C015,J006,0.0,no_fit,no_fit
C015,J007,0.182,weak,no_fit
C015,J008,0.2,weak,medium
C015,J009,0.0,no_fit,no_fit
C015,J010,0.125,weak,no_fit
C015,J011,1.0,strong,medium
C015,J012,0.333,medium,no_fit
C015,J013,0.5,strong,no_fit
C015,J014,0.0,no_fit,no_fit
C015,J015,0.0,no_fit,no_fit
C015,J016,1.0,strong,weak
C015,J017,0.286,medium,no_fit
C015,J018,0.0,no_fit,no_fit
C015,J019,0.0,no_fit,weak
C015,J020,0.5,strong,no_fit
C015,J021,0.6,strong,medium
C016,J001,0.481,strong,strong
C016,J002,0.0,no_fit,no_fit
C016,J003,0.0,no_fit,no_fit
C016,J004,0.0,no_fit,no_fit
C016,J005,0.0,no_fit,no_fit
C016,J006,0.5,strong,medium
C016,J007,0.0,no_fit,no_fit
C016,J008,0.0,no_fit,no_fit
C016,J009,0.6,strong,weak
C016,J010,0.188,weak,no_fit
C016,J011,0.0,no_fit,no_fit
C016,J012,0.0,no_fit,no_fit
C016,J013,0.125,weak,weak
C016,J014,0.333,medium,no_fit
C016,J015,0.0,no_fit,no_fit
C016,J016,0.0,no_fit,no_fit
C016,J017,0.0,no_fit,no_fit
C016,J018,1.0,strong,no_fit
C016,J019,0.0,no_fit,no_fit
C016,J020,0.0,no_fit,no_fit
C016,J021,0.0,no_fit,no_fit
C017,J001,0.111,weak,no_fit
C017,J002,0.478,strong,weak
C017,J003,0.0,no_fit,no_fit
C017,J004,0.5,strong,weak
C017,J005,0.571,strong,weak
C017,J006,0.115,weak,no_fit
C017,J007,0.455,strong,weak
C017,J008,0.333,medium,weak
C017,J009,0.0,no_fit,no_fit
C017,J010,0.125,weak,no_fit
C017,J011,0.4,strong,weak
C017,J012,0.0,no_fit,no_fit
C017,J013,0.75,strong,weak
C017,J014,0.0,no_fit,no_fit
C017,J015,0.0,no_fit,no_fit
C017,J016,1.0,strong,no_fit
C017,J017,0.714,strong,weak
C017,J018,0.0,no_fit,no_fit
C017,J019,0.0,no_fit,no_fit
C017,J020,0.5,strong,weak
C017,J021,0.6,strong,no_fit
C018,J001,0.0,no_fit,no_fit
C018,J002,0.13,weak,no_fit
C018,J003,0.0,no_fit,no_fit
C018,J004,0.136,weak,no_fit
C018,J005,0.0,no_fit,no_fit
C018,J006,0.0,no_fit,no_fit
C018,J007,0.0,no_fit,no_fit
C018,J008,0.0,no_fit,no_fit
C018,J009,0.0,no_fit,no_fit
C018,J010,0.0,no_fit,no_fit
C018,J011,0.0,no_fit,no_fit
C018,J012,0.333,medium,no_fit
C018,J013,0.0,no_fit,no_fit
C018,J014,0.0,no_fit,no_fit
C018,J015,0.0,no_fit,no_fit
C018,J016,0.0,no_fit,no_fit
C018,J017,0.0,no_fit,no_fit
C018,J018,0.0,no_fit,no_fit
C018,J019,0.0,no_fit,no_fit
C018,J020,0.0,no_fit,no_fit
C018,J021,0.0,no_fit,no_fit
C019,J001,0.333,medium,strong
C019,J002,0.261,medium,no_fit
C019,J003,0.0,no_fit,no_fit
C019,J004,0.136,weak,no_fit
C019,J005,0.429,strong,weak
C019,J006,0.346,medium,medium
C019,J007,0.364,medium,weak
C019,J008,0.2,weak,weak
C019,J009,0.6,strong,medium
C019,J010,0.125,weak,no_fit
C019,J011,0.2,weak,no_fit
C019,J012,0.0,no_fit,no_fit
C019,J013,0.25,medium,medium
C019,J014,0.0,no_fit,no_fit
C019,J015,0.0,no_fit,no_fit
C019,J016,1.0,strong,no_fit
C019,J017,0.286,medium,weak
C019,J018,1.0,strong,no_fit
C019,J019,0.0,no_fit,no_fit
C019,J020,0.5,strong,weak
C019,J021,0.3,medium,no_fit
C020,J001,0.259,medium,weak
C020,J002,0.348,medium,strong
C020,J003,0.2,weak,weak
C020,J004,0.364,medium,strong
C020,J005,0.357,medium,strong
C020,J006,0.231,weak,no_fit
C020,J007,0.455,strong,weak
C020,J008,0.533,strong,strong
C020,J009,0.2,weak,no_fit
C020,J010,0.125,weak,no_fit
C020,J011,0.8,strong,weak
C020,J012,0.333,medium,no_fit
C020,J013,0.75,strong,medium
C020,J014,0.333,medium,no_fit
C020,J015,0.0,no_fit,no_fit
C020,J016,1.0,strong,medium
C020,J017,0.714,strong,weak
C020,J018,0.0,no_fit,no_fit
C020,J019,0.0,no_fit,weak
C020,J020,0.5,strong,medium
C020,J021,0.3,medium,strong
C021,J001,0.111,weak,no_fit
C021,J002,0.348,medium,medium
C021,J003,0.0,no_fit,no_fit
C021,J004,0.227,weak,medium
C021,J005,0.786,strong,strong
C021,J006,0.115,weak,no_fit
C021,J007,0.818,strong,medium
C021,J008,0.533,strong,medium
C021,J009,0.0,no_fit,no_fit
C021,J010,0.125,weak,no_fit
C021,J011,0.2,weak,no_fit
C021,J012,0.0,no_fit,no_fit
C021,J013,0.625,strong,weak
C021,J014,0.0,no_fit,no_fit
C021,J015,0.0,no_fit,no_fit
C021,J016,1.0,strong,medium
C021,J017,1.0,strong,medium
C021,J018,0.0,no_fit,no_fit
C021,J019,0.0,no_fit,no_fit
C021,J020,1.0,strong,medium
C021,J021,0.3,medium,medium
C022,J001,0.074,no_fit,no_fit
C022,J002,0.13,weak,no_fit
C022,J003,0.0,no_fit,no_fit
C022,J004,0.136,weak,no_fit
C022,J005,0.429,strong,no_fit
C022,J006,0.077,no_fit,no_fit
C022,J007,0.364,medium,weak
C022,J008,0.4,strong,weak
C022,J009,0.0,no_fit,no_fit
C022,J010,0.312,medium,weak
C022,J011,0.2,weak,no_fit
C022,J012,0.0,no_fit,no_fit
C022,J013,0.25,medium,no_fit
C022,J014,0.0,no_fit,no_fit
C022,J015,0.0,no_fit,no_fit
C022,J016,1.0,strong,no_fit
C022,J017,0.571,strong,weak
C022,J018,0.0,no_fit,no_fit
C022,J019,0.0,no_fit,no_fit
C022,J020,1.0,strong,no_fit
C022,J021,0.3,medium,no_fit
C023,J001,0.296,medium,medium
C023,J002,0.0,no_fit,no_fit
C023,J003,0.0,no_fit,no_fit
C023,J004,0.0,no_fit,no_fit
C023,J005,0.0,no_fit,no_fit
C023,J006,0.308,medium,medium
C023,J007,0.0,no_fit,no_fit
C023,J008,0.0,no_fit,no_fit
C023,J009,0.4,strong,weak
C023,J010,0.188,weak,no_fit
C023,J011,0.0,no_fit,no_fit
C023,J012,0.0,no_fit,no_fit
C023,J013,0.125,weak,no_fit
C023,J014,0.333,medium,no_fit
C023,J015,0.0,no_fit,no_fit
C023,J016,0.0,no_fit,no_fit
C023,J017,0.0,no_fit,no_fit
C023,J018,0.0,no_fit,no_fit
C023,J019,0.0,no_fit,no_fit
C023,J020,0.0,no_fit,no_fit
C023,J021,0.0,no_fit,no_fit
C024,J001,0.222,weak,no_fit
C024,J002,0.13,weak,no_fit
C024,J003,0.0,no_fit,no_fit
C024,J004,0.136,weak,no_fit
C024,J005,0.214,weak,no_fit
C024,J006,0.231,weak,weak
C024,J007,0.182,weak,no_fit
C024,J008,0.2,weak,weak
C024,J009,0.0,no_fit,no_fit
C024,J010,0.5,strong,weak
C024,J011,0.2,weak,no_fit
C024,J012,0.0,no_fit,no_fit
C024,J013,0.25,medium,no_fit
C024,J014,0.667,strong,weak
C024,J015,0.0,no_fit,no_fit
C024,J016,1.0,strong,no_fit
C024,J017,0.286,medium,no_fit
C024,J018,0.0,no_fit,no_fit
C024,J019,0.0,no_fit,no_fit
C024,J020,0.5,strong,no_fit
C024,J021,0.3,medium,no_fit
C025,J001,0.0,no_fit,no_fit
C025,J002,0.261,medium,medium
C025,J003,0.2,weak,weak
C025,J004,0.273,medium,strong
C025,J005,0.214,weak,weak
C025,J006,0.0,no_fit,no_fit
C025,J007,0.182,weak,no_fit
C025,J008,0.2,weak,weak
C025,J009,0.0,no_fit,no_fit
C025,J010,0.125,weak,no_fit
C025,J011,0.8,strong,medium
C025,J012,0.333,medium,no_fit
C025,J013,0.25,medium,no_fit
C025,J014,0.0,no_fit,no_fit
C025,J015,0.0,no_fit,no_fit
C025,J016,1.0,strong,weak
C025,J017,0.286,medium,no_fit
C025,J018,0.0,no_fit,no_fit
C025,J019,0.0,no_fit,weak
C025,J020,0.5,strong,weak
C025,J021,0.3,medium,medium
C026,J001,0.111,weak,no_fit
C026,J002,0.087,no_fit,no_fit
C026,J003,0.0,no_fit,no_fit
C026,J004,0.091,no_fit,no_fit
C026,J005,0.143,weak,weak
C026,J006,0.115,weak,no_fit
C026,J007,0.273,medium,no_fit
C026,J008,0.133,weak,weak
C026,J009,0.0,no_fit,no_fit
C026,J010,0.188,weak,no_fit
C026,J011,0.0,no_fit,no_fit
C026,J012,0.0,no_fit,no_fit
C026,J013,0.375,medium,no_fit
C026,J014,0.0,no_fit,no_fit
C026,J015,0.0,no_fit,no_fit
C026,J016,0.0,no_fit,no_fit
C026,J017,0.429,strong,no_fit
C026,J018,0.0,no_fit,no_fit
C026,J019,0.0,no_fit,no_fit
C026,J020,0.0,no_fit,no_fit
C026,J021,0.0,no_fit,no_fit
C027,J001,0.111,weak,no_fit
C027,J002,0.609,strong,strong
C027,J003,0.0,no_fit,no_fit
C027,J004,0.636,strong,medium
C027,J005,0.571,strong,strong
C027,J006,0.115,weak,no_fit
C027,J007,0.455,strong,weak
C027,J008,0.733,strong,strong
C027,J009,0.0,no_fit,no_fit
C027,J010,0.125,weak,no_fit
C027,J011,0.4,strong,no_fit
C027,J012,0.0,no_fit,no_fit
C027,J013,0.75,strong,weak
C027,J014,0.0,no_fit,no_fit
C027,J015,0.0,no_fit,no_fit
C027,J016,1.0,strong,medium
C027,J017,0.714,strong,weak
C027,J018,0.0,no_fit,no_fit
C027,J019,0.0,no_fit,no_fit
C027,J020,0.5,strong,medium
C027,J021,0.6,strong,medium
C028,J001,0.259,medium,weak
C028,J002,0.0,no_fit,no_fit
C028,J003,0.0,no_fit,no_fit
C028,J004,0.0,no_fit,no_fit
C028,J005,0.0,no_fit,no_fit
C028,J006,0.269,medium,weak
C028,J007,0.0,no_fit,no_fit
C028,J008,0.0,no_fit,no_fit
C028,J009,0.2,weak,no_fit
C028,J010,0.188,weak,no_fit
C028,J011,0.0,no_fit,no_fit
C028,J012,0.0,no_fit,no_fit
C028,J013,0.125,weak,no_fit
C028,J014,0.333,medium,no_fit
C028,J015,0.0,no_fit,no_fit
C028,J016,0.0,no_fit,no_fit
C028,J017,0.0,no_fit,no_fit
C028,J018,0.0,no_fit,no_fit
C028,J019,0.0,no_fit,no_fit
C028,J020,0.0,no_fit,no_fit
C028,J021,0.0,no_fit,no_fit
C029,J001,0.0,no_fit,no_fit
C029,J002,0.13,weak,no_fit
C029,J003,0.4,strong,medium
C029,J004,0.136,weak,weak
C029,J005,0.0,no_fit,no_fit
C029,J006,0.0,no_fit,no_fit
C029,J007,0.0,no_fit,no_fit
C029,J008,0.0,no_fit,no_fit
C029,J009,0.0,no_fit,no_fit
C029,J010,0.0,no_fit,no_fit
C029,J011,0.6,strong,weak
C029,J012,0.667,strong,no_fit
C029,J013,0.0,no_fit,no_fit
C029,J014,0.0,no_fit,no_fit
C029,J015,0.5,strong,no_fit
C029,J016,0.0,no_fit,no_fit
C029,J017,0.0,no_fit,no_fit
C029,J018,0.0,no_fit,no_fit
C029,J019,0.333,medium,medium
C029,J020,0.0,no_fit,no_fit
C029,J021,0.0,no_fit,no_fit
C030,J001,0.111,weak,no_fit
C030,J002,0.348,medium,no_fit
C030,J003,0.0,no_fit,no_fit
C030,J004,0.227,weak,no_fit
C030,J005,0.786,strong,weak
C030,J006,0.115,weak,no_fit
C030,J007,0.818,strong,strong
C030,J008,0.533,strong,weak
C030,J009,0.0,no_fit,no_fit
C030,J010,0.125,weak,no_fit
C030,J011,0.2,weak,no_fit
C030,J012,0.0,no_fit,no_fit
C030,J013,0.625,strong,weak
C030,J014,0.0,no_fit,no_fit
C030,J015,0.0,no_fit,no_fit
C030,J016,1.0,strong,no_fit
C030,J017,1.0,strong,medium
C030,J018,0.0,no_fit,no_fit
C030,J019,0.0,no_fit,no_fit
C030,J020,1.0,strong,weak
C030,J021,0.3,medium,no_fit
C031,J001,0.111,weak,no_fit
C031,J002,0.0,no_fit,no_fit
C031,J003,0.0,no_fit,no_fit
C031,J004,0.0,no_fit,no_fit
C031,J005,0.0,no_fit,no_fit
C031,J006,0.115,weak,no_fit
C031,J007,0.0,no_fit,no_fit
C031,J008,0.0,no_fit,no_fit
C031,J009,0.2,weak,no_fit
C031,J010,0.0,no_fit,no_fit
C031,J011,0.0,no_fit,no_fit
C031,J012,0.0,no_fit,no_fit
C031,J013,0.0,no_fit,no_fit
C031,J014,0.0,no_fit,no_fit
C031,J015,0.0,no_fit,no_fit
C031,J016,0.0,no_fit,no_fit
C031,J017,0.0,no_fit,no_fit
C031,J018,0.0,no_fit,no_fit
C031,J019,0.0,no_fit,no_fit
C031,J020,0.0,no_fit,no_fit
C031,J021,0.0,no_fit,no_fit
C032,J001,0.111,weak,no_fit
C032,J002,0.478,strong,weak
C032,J003,0.0,no_fit,no_fit
C032,J004,0.5,strong,no_fit
C032,J005,0.571,strong,weak
C032,J006,0.115,weak,no_fit
C032,J007,0.455,strong,weak
C032,J008,0.533,strong,medium
C032,J009,0.0,no_fit,no_fit
C032,J010,0.125,weak,no_fit
C032,J011,0.4,strong,no_fit
C032,J012,0.0,no_fit,no_fit
C032,J013,0.75,strong,weak
C032,J014,0.0,no_fit,no_fit
C032,J015,0.0,no_fit,no_fit
C032,J016,1.0,strong,no_fit
C032,J017,0.714,strong,weak
C032,J018,0.0,no_fit,no_fit
C032,J019,0.0,no_fit,no_fit
C032,J020,0.5,strong,weak
C032,J021,0.6,strong,no_fit
C033,J001,0.0,no_fit,no_fit
C033,J002,0.13,weak,no_fit
C033,J003,0.2,weak,weak
C033,J004,0.136,weak,weak
C033,J005,0.0,no_fit,no_fit
C033,J006,0.0,no_fit,no_fit
C033,J007,0.0,no_fit,no_fit
C033,J008,0.0,no_fit,no_fit
C033,J009,0.0,no_fit,no_fit
C033,J010,0.0,no_fit,no_fit
C033,J011,0.6,strong,weak
C033,J012,0.333,medium,no_fit
C033,J013,0.0,no_fit,no_fit
C033,J014,0.0,no_fit,no_fit
C033,J015,0.0,no_fit,no_fit
C033,J016,0.0,no_fit,no_fit
C033,J017,0.0,no_fit,no_fit
C033,J018,0.0,no_fit,no_fit
C033,J019,0.0,no_fit,weak
C033,J020,0.0,no_fit,no_fit
C033,J021,0.0,no_fit,no_fit
C034,J001,0.333,medium,weak
C034,J002,0.0,no_fit,no_fit
C034,J003,0.0,no_fit,no_fit
C034,J004,0.0,no_fit,no_fit
C034,J005,0.0,no_fit,no_fit
C034,J006,0.346,medium,medium
C034,J007,0.0,no_fit,no_fit
C034,J008,0.0,no_fit,no_fit
C034,J009,0.2,weak,no_fit
C034,J010,0.188,weak,no_fit
C034,J011,0.0,no_fit,no_fit
C034,J012,0.0,no_fit,no_fit
C034,J013,0.125,weak,no_fit
C034,J014,1.0,strong,medium
C034,J015,0.0,no_fit,no_fit
C034,J016,0.0,no_fit,no_fit
C034,J017,0.0,no_fit,no_fit
C034,J018,0.0,no_fit,no_fit
C034,J019,0.0,no_fit,no_fit
C034,J020,0.0,no_fit,no_fit
C034,J021,0.0,no_fit,no_fit
C035,J001,0.222,weak,weak
C035,J002,0.087,no_fit,no_fit
C035,J003,0.0,no_fit,weak
C035,J004,0.091,no_fit,no_fit
C035,J005,0.143,weak,no_fit
C035,J006,0.231,weak,no_fit
C035,J007,0.273,medium,no_fit
C035,J008,0.133,weak,no_fit
C035,J009,0.2,weak,no_fit
C035,J010,0.0,no_fit,no_fit
C035,J011,0.0,no_fit,no_fit
C035,J012,0.0,no_fit,no_fit
C035,J013,0.5,strong,weak
C035,J014,0.333,medium,no_fit
C035,J015,0.0,no_fit,no_fit
C035,J016,0.0,no_fit,no_fit
C035,J017,0.429,strong,no_fit
C035,J018,0.0,no_fit,no_fit
C035,J019,0.0,no_fit,weak
C035,J020,0.0,no_fit,no_fit
C035,J021,0.0,no_fit,no_fit
C036,J001,0.0,no_fit,no_fit
C036,J002,0.261,medium,strong
C036,J003,0.0,no_fit,no_fit
C036,J004,0.273,medium,medium
C036,J005,0.214,weak,medium
C036,J006,0.0,no_fit,no_fit
C036,J007,0.182,weak,no_fit
C036,J008,0.4,strong,strong
C036,J009,0.0,no_fit,no_fit
C036,J010,0.125,weak,no_fit
C036,J011,0.2,weak,no_fit
C036,J012,0.0,no_fit,no_fit
C036,J013,0.25,medium,no_fit
C036,J014,0.0,no_fit,no_fit
C036,J015,0.0,no_fit,no_fit
C036,J016,1.0,strong,medium
C036,J017,0.286,medium,no_fit
C036,J018,0.0,no_fit,no_fit
C036,J019,0.0,no_fit,no_fit
C036,J020,0.5,strong,weak
C036,J021,0.3,medium,medium
C037,J001,0.148,weak,no_fit
C037,J002,0.13,weak,no_fit
C037,J003,0.0,no_fit,no_fit
C037,J004,0.136,weak,no_fit
C037,J005,0.214,weak,no_fit
C037,J006,0.154,weak,no_fit
C037,J007,0.182,weak,weak
C037,J008,0.2,weak,weak
C037,J009,0.0,no_fit,no_fit
C037,J010,0.312,medium,no_fit
C037,J011,0.2,weak,no_fit
C037,J012,0.0,no_fit,no_fit
C037,J013,0.25,medium,no_fit
C037,J014,0.0,no_fit,weak
C037,J015,0.0,no_fit,no_fit
C037,J016,1.0,strong,no_fit
C037,J017,0.286,medium,weak
C037,J018,0.0,no_fit,no_fit
C037,J019,0.0,no_fit,no_fit
C037,J020,0.5,strong,no_fit
C037,J021,0.3,medium,no_fit
C038,J001,0.0,no_fit,no_fit
C038,J002,0.261,medium,weak
C038,J003,0.0,no_fit,no_fit
C038,J004,0.273,medium,no_fit
C038,J005,0.0,no_fit,no_fit
C038,J006,0.0,no_fit,no_fit
C038,J007,0.0,no_fit,no_fit
C038,J008,0.4,strong,medium
C038,J009,0.0,no_fit,no_fit
C038,J010,0.0,no_fit,no_fit
C038,J011,0.0,no_fit,no_fit
C038,J012,0.0,no_fit,no_fit
C038,J013,0.0,no_fit,no_fit
C038,J014,0.0,no_fit,no_fit
C038,J015,0.0,no_fit,no_fit
C038,J016,0.0,no_fit,no_fit
C038,J017,0.0,no_fit,no_fit
C038,J018,0.0,no_fit,no_fit
C038,J019,0.0,no_fit,no_fit
C038,J020,0.0,no_fit,no_fit
C038,J021,0.0,no_fit,no_fit
C039,J001,0.444,strong,strong
C039,J002,0.0,no_fit,no_fit
C039,J003,0.0,no_fit,no_fit
C039,J004,0.0,no_fit,no_fit
C039,J005,0.0,no_fit,no_fit
C039,J006,0.462,strong,medium
C039,J007,0.0,no_fit,no_fit
C039,J008,0.0,no_fit,no_fit
C039,J009,0.8,strong,medium
C039,J010,0.0,no_fit,no_fit
C039,J011,0.0,no_fit,no_fit
C039,J012,0.0,no_fit,no_fit
C039,J013,0.125,weak,weak
C039,J014,0.333,medium,no_fit
C039,J015,0.0,no_fit,no_fit
C039,J016,0.0,no_fit,no_fit
C039,J017,0.0,no_fit,no_fit
C039,J018,1.0,strong,no_fit
C039,J019,0.0,no_fit,no_fit
C039,J020,0.0,no_fit,no_fit
C039,J021,0.0,no_fit,no_fit
C040,J001,0.0,no_fit,no_fit
C040,J002,0.0,no_fit,no_fit
C040,J003,0.6,strong,medium
C040,J004,0.0,no_fit,no_fit
C040,J005,0.0,no_fit,no_fit
C040,J006,0.0,no_fit,no_fit
C040,J007,0.0,no_fit,no_fit
C040,J008,0.0,no_fit,no_fit
C040,J009,0.0,no_fit,no_fit
C040,J010,0.0,no_fit,no_fit
C040,J011,0.0,no_fit,no_fit
C040,J012,0.0,no_fit,no_fit
C040,J013,0.0,no_fit,no_fit
C040,J014,0.0,no_fit,no_fit
C040,J015,1.0,strong,weak
C040,J016,0.0,no_fit,no_fit
C040,J017,0.0,no_fit,no_fit
C040,J018,0.0,no_fit,no_fit
C040,J019,1.0,strong,medium
C040,J020,0.0,no_fit,no_fit
C040,J021,0.0,no_fit,no_fit
C041,J001,0.0,no_fit,no_fit
C041,J002,0.0,no_fit,no_fit
C041,J003,0.0,no_fit,no_fit
C041,J004,0.0,no_fit,no_fit
C041,J005,0.0,no_fit,no_fit
C041,J006,0.0,no_fit,no_fit
C041,J007,0.0,no_fit,no_fit
C041,J008,0.0,no_fit,no_fit
C041,J009,0.0,no_fit,no_fit
C041,J010,0.188,weak,weak
C041,J011,0.0,no_fit,no_fit
C041,J012,0.0,no_fit,no_fit
C041,J013,0.0,no_fit,no_fit
C041,J014,0.0,no_fit,no_fit
C041,J015,0.0,no_fit,no_fit
C041,J016,0.0,no_fit,no_fit
C041,J017,0.0,no_fit,no_fit
C041,J018,0.0,no_fit,no_fit
C041,J019,0.0,no_fit,no_fit
C041,J020,0.0,no_fit,no_fit
C041,J021,0.0,no_fit,no_fit
C042,J001,0.222,weak,no_fit
C042,J002,0.087,no_fit,no_fit
C042,J003,0.0,no_fit,no_fit
C042,J004,0.091,no_fit,no_fit
C042,J005,0.143,weak,no_fit
C042,J006,0.231,weak,no_fit
C042,J007,0.273,medium,no_fit
C042,J008,0.133,weak,no_fit
C042,J009,0.2,weak,no_fit
C042,J010,0.0,no_fit,no_fit
C042,J011,0.0,no_fit,no_fit
C042,J012,0.0,no_fit,no_fit
C042,J013,0.5,strong,no_fit
C042,J014,0.333,medium,no_fit
C042,J015,0.0,no_fit,no_fit
C042,J016,0.0,no_fit,no_fit
C042,J017,0.429,strong,no_fit
C042,J018,0.0,no_fit,no_fit
C042,J019,0.0,no_fit,no_fit
C042,J020,0.0,no_fit,no_fit
C042,J021,0.0,no_fit,no_fit
C043,J001,0.111,weak,no_fit
C043,J002,0.087,no_fit,weak
C043,J003,0.2,weak,weak
C043,J004,0.091,no_fit,medium
C043,J005,0.143,weak,medium
C043,J006,0.115,weak,no_fit
C043,J007,0.273,medium,no_fit
C043,J008,0.133,weak,weak
C043,J009,0.0,no_fit,no_fit
C043,J010,0.0,no_fit,weak
C043,J011,0.6,strong,no_fit
C043,J012,0.333,medium,no_fit
C043,J013,0.375,medium,no_fit
C043,J014,0.0,no_fit,no_fit
C043,J015,0.0,no_fit,no_fit
C043,J016,0.0,no_fit,weak
C043,J017,0.429,strong,no_fit
C043,J018,0.0,no_fit,no_fit
C043,J019,0.0,no_fit,weak
C043,J020,0.0,no_fit,weak
C043,J021,0.0,no_fit,medium
C044,J001,0.296,medium,strong
C044,J002,0.0,no_fit,no_fit
C044,J003,0.0,no_fit,no_fit
C044,J004,0.0,no_fit,no_fit
C044,J005,0.0,no_fit,no_fit
C044,J006,0.308,medium,medium
C044,J007,0.0,no_fit,no_fit
C044,J008,0.0,no_fit,no_fit
C044,J009,0.4,strong,weak
C044,J010,0.188,weak,weak
C044,J011,0.0,no_fit,no_fit
C044,J012,0.0,no_fit,no_fit
C044,J013,0.125,weak,weak
C044,J014,0.333,medium,no_fit
C044,J015,0.0,no_fit,no_fit
C044,J016,0.0,no_fit,no_fit
C044,J017,0.0,no_fit,no_fit
C044,J018,1.0,strong,no_fit
C044,J019,0.0,no_fit,no_fit
C044,J020,0.0,no_fit,no_fit
C044,J021,0.0,no_fit,no_fit
C045,J001,0.111,weak,no_fit
C045,J002,0.348,medium,weak
C045,J003,0.0,no_fit,no_fit
C045,J004,0.227,weak,weak
C045,J005,0.571,strong,medium
C045,J006,0.115,weak,no_fit
C045,J007,0.818,strong,medium
C045,J008,0.533,strong,weak
C045,J009,0.0,no_fit,no_fit
C045,J010,0.125,weak,no_fit
C045,J011,0.2,weak,no_fit
C045,J012,0.0,no_fit,no_fit
C045,J013,0.625,strong,weak
C045,J014,0.0,no_fit,no_fit
C045,J015,0.0,no_fit,no_fit
C045,J016,1.0,strong,weak
C045,J017,1.0,strong,medium
C045,J018,0.0,no_fit,no_fit
C045,J019,0.0,no_fit,no_fit
C045,J020,1.0,strong,medium
C045,J021,0.3,medium,weak
C046,J001,0.0,no_fit,no_fit
C046,J002,0.0,no_fit,no_fit
C046,J003,0.0,no_fit,no_fit
C046,J004,0.0,no_fit,no_fit
C046,J005,0.0,no_fit,no_fit
C046,J006,0.0,no_fit,no_fit
C046,J007,0.0,no_fit,no_fit
C046,J008,0.0,no_fit,no_fit
C046,J009,0.0,no_fit,no_fit
C046,J010,0.0,no_fit,no_fit
C046,J011,0.0,no_fit,no_fit
C046,J012,0.333,medium,no_fit
C046,J013,0.0,no_fit,no_fit
C046,J014,0.0,no_fit,no_fit
C046,J015,0.0,no_fit,no_fit
C046,J016,0.0,no_fit,no_fit
C046,J017,0.0,no_fit,no_fit
C046,J018,0.0,no_fit,no_fit
C046,J019,0.0,no_fit,no_fit
C046,J020,0.0,no_fit,no_fit
C046,J021,0.0,no_fit,no_fit
C047,J001,0.222,weak,strong
C047,J002,0.0,no_fit,no_fit
C047,J003,0.0,no_fit,no_fit
C047,J004,0.0,no_fit,no_fit
C047,J005,0.0,no_fit,no_fit
C047,J006,0.231,weak,medium
C047,J007,0.0,no_fit,no_fit
C047,J008,0.0,no_fit,no_fit
C047,J009,0.4,strong,medium
C047,J010,0.0,no_fit,no_fit
C047,J011,0.0,no_fit,no_fit
C047,J012,0.0,no_fit,no_fit
C047,J013,0.0,no_fit,weak
C047,J014,0.0,no_fit,no_fit
C047,J015,0.0,no_fit,no_fit
C047,J016,0.0,no_fit,no_fit
C047,J017,0.0,no_fit,no_fit
C047,J018,1.0,strong,no_fit
C047,J019,0.0,no_fit,no_fit
C047,J020,0.0,no_fit,no_fit
C047,J021,0.0,no_fit,no_fit
C048,J001,0.111,weak,no_fit
C048,J002,0.478,strong,strong
C048,J003,0.0,no_fit,no_fit
C048,J004,0.5,strong,weak
C048,J005,0.571,strong,medium
C048,J006,0.115,weak,no_fit
C048,J007,0.636,strong,medium
C048,J008,0.933,strong,strong
C048,J009,0.0,no_fit,no_fit
C048,J010,0.125,weak,no_fit
C048,J011,0.2,weak,no_fit
C048,J012,0.0,no_fit,no_fit
C048,J013,0.625,strong,weak
C048,J014,0.0,no_fit,no_fit
C048,J015,0.0,no_fit,no_fit
C048,J016,1.0,strong,weak
C048,J017,1.0,strong,medium
C048,J018,0.0,no_fit,no_fit
C048,J019,0.0,no_fit,no_fit
C048,J020,1.0,strong,weak
C048,J021,0.3,medium,weak
C049,J001,0.074,no_fit,no_fit
C049,J002,0.0,no_fit,no_fit
C049,J003,0.0,no_fit,no_fit
C049,J004,0.0,no_fit,no_fit
C049,J005,0.0,no_fit,no_fit
C049,J006,0.077,no_fit,no_fit
C049,J007,0.0,no_fit,no_fit
C049,J008,0.0,no_fit,no_fit
C049,J009,0.0,no_fit,no_fit
C049,J010,0.0,no_fit,no_fit
C049,J011,0.0,no_fit,no_fit
C049,J012,0.0,no_fit,no_fit
C049,J013,0.0,no_fit,no_fit
C049,J014,0.667,strong,strong
C049,J015,0.0,no_fit,no_fit
C049,J016,0.0,no_fit,no_fit
C049,J017,0.0,no_fit,no_fit
C049,J018,0.0,no_fit,no_fit
C049,J019,0.0,no_fit,no_fit
C049,J020,0.0,no_fit,no_fit
C049,J021,0.0,no_fit,no_fit
C050,J001,0.0,no_fit,no_fit
C050,J002,0.0,no_fit,no_fit
C050,J003,0.8,strong,strong
C050,J004,0.0,no_fit,weak
C050,J005,0.0,no_fit,no_fit
C050,J006,0.0,no_fit,no_fit
C050,J007,0.0,no_fit,no_fit
C050,J008,0.0,no_fit,no_fit
C050,J009,0.0,no_fit,no_fit
C050,J010,0.0,no_fit,no_fit
C050,J011,0.6,strong,weak
C050,J012,0.333,medium,no_fit
C050,J013,0.0,no_fit,no_fit
C050,J014,0.0,no_fit,no_fit
C050,J015,1.0,strong,weak
C050,J016,0.0,no_fit,no_fit
C050,J017,0.0,no_fit,no_fit
C050,J018,0.0,no_fit,no_fit
C050,J019,1.0,strong,strong
C050,J020,0.0,no_fit,no_fit
C050,J021,0.0,no_fit,weak
C051,J001,0.111,weak,no_fit
C051,J002,0.478,strong,medium
C051,J003,0.0,no_fit,no_fit
C051,J004,0.5,strong,weak
C051,J005,0.786,strong,medium
C051,J006,0.115,weak,no_fit
C051,J007,0.636,strong,medium
C051,J008,0.733,strong,strong
C051,J009,0.0,no_fit,no_fit
C051,J010,0.125,weak,no_fit
C051,J011,0.4,strong,no_fit
C051,J012,0.0,no_fit,no_fit
C051,J013,0.75,strong,weak
C051,J014,0.0,no_fit,no_fit
C051,J015,0.0,no_fit,no_fit
C051,J016,1.0,strong,weak
C051,J017,1.0,strong,medium
C051,J018,0.0,no_fit,no_fit
C051,J019,0.0,no_fit,no_fit
C051,J020,1.0,strong,weak
C051,J021,0.6,strong,weak
C052,J001,0.185,weak,weak
C052,J002,0.0,no_fit,no_fit
C052,J003,0.0,no_fit,no_fit
C052,J004,0.0,no_fit,no_fit
C052,J005,0.0,no_fit,no_fit
C052,J006,0.192,weak,weak
C052,J007,0.0,no_fit,no_fit
C052,J008,0.0,no_fit,no_fit
C052,J009,0.2,weak,no_fit
C052,J010,0.188,weak,no_fit
C052,J011,0.0,no_fit,no_fit
C052,J012,0.0,no_fit,no_fit
C052,J013,0.125,weak,no_fit
C052,J014,0.333,medium,no_fit
C052,J015,0.0,no_fit,no_fit
C052,J016,0.0,no_fit,no_fit
C052,J017,0.0,no_fit,no_fit
C052,J018,0.0,no_fit,no_fit
C052,J019,0.0,no_fit,no_fit
C052,J020,0.0,no_fit,no_fit
C052,J021,0.0,no_fit,no_fit
C053,J001,0.222,weak,weak
C053,J002,0.087,no_fit,no_fit
C053,J003,0.0,no_fit,no_fit
C053,J004,0.091,no_fit,no_fit
C053,J005,0.143,weak,no_fit
C053,J006,0.231,weak,no_fit
C053,J007,0.273,medium,no_fit
C053,J008,0.133,weak,no_fit
C053,J009,0.2,weak,no_fit
C053,J010,0.0,no_fit,no_fit
C053,J011,0.0,no_fit,no_fit
C053,J012,0.0,no_fit,no_fit
C053,J013,0.375,medium,no_fit
C053,J014,0.0,no_fit,no_fit
C053,J015,0.0,no_fit,no_fit
C053,J016,0.0,no_fit,no_fit
C053,J017,0.429,strong,no_fit
C053,J018,1.0,strong,no_fit
C053,J019,0.0,no_fit,no_fit
C053,J020,0.0,no_fit,no_fit
C053,J021,0.0,no_fit,no_fit
C054,J001,0.0,no_fit,no_fit
C054,J002,0.0,no_fit,no_fit
C054,J003,0.2,weak,weak
C054,J004,0.0,no_fit,no_fit
C054,J005,0.0,no_fit,no_fit
C054,J006,0.0,no_fit,no_fit
C054,J007,0.0,no_fit,no_fit
C054,J008,0.0,no_fit,no_fit
C054,J009,0.0,no_fit,no_fit
C054,J010,0.0,no_fit,no_fit
C054,J011,0.6,strong,weak
C054,J012,0.333,medium,no_fit
C054,J013,0.0,no_fit,no_fit
C054,J014,0.0,no_fit,no_fit
C054,J015,0.0,no_fit,no_fit
C054,J016,0.0,no_fit,no_fit
C054,J017,0.0,no_fit,no_fit
C054,J018,0.0,no_fit,no_fit
C054,J019,0.0,no_fit,weak
C054,J020,0.0,no_fit,no_fit
C054,J021,0.0,no_fit,no_fit
C055,J001,0.0,no_fit,no_fit
C055,J002,0.13,weak,no_fit
C055,J003,0.0,no_fit,no_fit
C055,J004,0.0,no_fit,no_fit
C055,J005,0.214,weak,no_fit
C055,J006,0.0,no_fit,no_fit
C055,J007,0.182,weak,medium
C055,J008,0.0,no_fit,weak
C055,J009,0.0,no_fit,no_fit
C055,J010,0.0,no_fit,no_fit
C055,J011,0.0,no_fit,no_fit
C055,J012,0.0,no_fit,no_fit
C055,J013,0.0,no_fit,no_fit
C055,J014,0.0,no_fit,no_fit
C055,J015,0.0,no_fit,no_fit
C055,J016,0.0,no_fit,no_fit
C055,J017,0.0,no_fit,no_fit
C055,J018,0.0,no_fit,no_fit
C055,J019,0.0,no_fit,no_fit
C055,J020,0.0,no_fit,no_fit
C055,J021,0.0,no_fit,no_fit
C056,J001,0.0,no_fit,no_fit
C056,J002,0.261,medium,medium
C056,J003,0.0,no_fit,no_fit
C056,J004,0.273,medium,weak
C056,J005,0.214,weak,weak
C056,J006,0.0,no_fit,no_fit
C056,J007,0.182,weak,no_fit
C056,J008,0.4,strong,medium
C056,J009,0.0,no_fit,no_fit
C056,J010,0.125,weak,no_fit
C056,J011,0.2,weak,no_fit
C056,J012,0.0,no_fit,no_fit
C056,J013,0.25,medium,no_fit
C056,J014,0.0,no_fit,no_fit
C056,J015,0.0,no_fit,no_fit
C056,J016,1.0,strong,weak
C056,J017,0.286,medium,no_fit
C056,J018,0.0,no_fit,no_fit
C056,J019,0.0,no_fit,no_fit
C056,J020,0.5,strong,weak
C056,J021,0.3,medium,weak
C057,J001,0.0,no_fit,no_fit
C057,J002,0.13,weak,no_fit
C057,J003,0.0,no_fit,no_fit
C057,J004,0.136,weak,no_fit
C057,J005,0.429,strong,no_fit
C057,J006,0.0,no_fit,no_fit
C057,J007,0.364,medium,weak
C057,J008,0.4,strong,weak
C057,J009,0.0,no_fit,no_fit
C057,J010,0.312,medium,no_fit
C057,J011,0.2,weak,no_fit
C057,J012,0.0,no_fit,no_fit
C057,J013,0.25,medium,no_fit
C057,J014,0.0,no_fit,no_fit
C057,J015,0.0,no_fit,no_fit
C057,J016,1.0,strong,no_fit
C057,J017,0.571,strong,weak
C057,J018,0.0,no_fit,no_fit
C057,J019,0.0,no_fit,no_fit
C057,J020,1.0,strong,no_fit
C057,J021,0.3,medium,no_fit
C058,J001,0.0,no_fit,no_fit
C058,J002,0.0,no_fit,no_fit
C058,J003,0.6,strong,strong
C058,J004,0.0,no_fit,no_fit
C058,J005,0.0,no_fit,no_fit
C058,J006,0.0,no_fit,no_fit
C058,J007,0.0,no_fit,no_fit
C058,J008,0.0,no_fit,no_fit
C058,J009,0.0,no_fit,no_fit
C058,J010,0.0,no_fit,no_fit
C058,J011,0.0,no_fit,no_fit
C058,J012,0.0,no_fit,no_fit
C058,J013,0.0,no_fit,no_fit
C058,J014,0.0,no_fit,no_fit
C058,J015,1.0,strong,medium
C058,J016,0.0,no_fit,no_fit
C058,J017,0.0,no_fit,no_fit
C058,J018,0.0,no_fit,no_fit
C058,J019,1.0,strong,strong
C058,J020,0.0,no_fit,no_fit
C058,J021,0.0,no_fit,no_fit
C059,J001,0.222,weak,medium
C059,J002,0.0,no_fit,no_fit
C059,J003,0.0,no_fit,no_fit
C059,J004,0.0,no_fit,no_fit
C059,J005,0.0,no_fit,no_fit
C059,J006,0.231,weak,weak
C059,J007,0.0,no_fit,no_fit
C059,J008,0.0,no_fit,no_fit
C059,J009,0.4,strong,weak
C059,J010,0.0,no_fit,no_fit
C059,J011,0.0,no_fit,no_fit
C059,J012,0.0,no_fit,no_fit
C059,J013,0.125,weak,weak
C059,J014,0.333,medium,no_fit
C059,J015,0.0,no_fit,no_fit
C059,J016,0.0,no_fit,no_fit
C059,J017,0.0,no_fit,no_fit
C059,J018,1.0,strong,no_fit
C059,J019,0.0,no_fit,no_fit
C059,J020,0.0,no_fit,no_fit
C059,J021,0.0,no_fit,no_fit
C060,J001,0.0,no_fit,no_fit
C060,J002,0.13,weak,medium
C060,J003,0.2,weak,weak
C060,J004,0.136,weak,strong
C060,J005,0.214,weak,medium
C060,J006,0.0,no_fit,no_fit
C060,J007,0.182,weak,no_fit
C060,J008,0.2,weak,medium
C060,J009,0.0,no_fit,no_fit
C060,J010,0.125,weak,no_fit
C060,J011,0.8,strong,weak
C060,J012,0.333,medium,no_fit
C060,J013,0.25,medium,no_fit
C060,J014,0.0,no_fit,no_fit
C060,J015,0.0,no_fit,no_fit
C060,J016,1.0,strong,medium
C060,J017,0.286,medium,no_fit
C060,J018,0.0,no_fit,no_fit
C060,J019,0.0,no_fit,weak
C060,J020,0.5,strong,weak
C060,J021,0.3,medium,strong
C061,J001,0.0,no_fit,no_fit
C061,J002,0.0,no_fit,no_fit
C061,J003,0.0,no_fit,no_fit
C061,J004,0.0,no_fit,no_fit
C061,J005,0.0,no_fit,no_fit
C061,J006,0.0,no_fit,no_fit
C061,J007,0.0,no_fit,no_fit
C061,J008,0.0,no_fit,no_fit
C061,J009,0.0,no_fit,no_fit
C061,J010,0.375,medium,medium
C061,J011,0.0,no_fit,no_fit
C061,J012,0.0,no_fit,no_fit
C061,J013,0.0,no_fit,no_fit
C061,J014,0.0,no_fit,no_fit
C061,J015,0.0,no_fit,no_fit
C061,J016,0.0,no_fit,no_fit
C061,J017,0.0,no_fit,no_fit
C061,J018,0.0,no_fit,no_fit
C061,J019,0.0,no_fit,no_fit
C061,J020,0.0,no_fit,no_fit
C061,J021,0.0,no_fit,no_fit
C062,J001,0.0,no_fit,no_fit
C062,J002,0.261,medium,medium
C062,J003,0.0,no_fit,no_fit
C062,J004,0.273,medium,medium
C062,J005,0.214,weak,weak
C062,J006,0.0,no_fit,no_fit
C062,J007,0.182,weak,no_fit
C062,J008,0.2,weak,medium
C062,J009,0.0,no_fit,no_fit
C062,J010,0.125,weak,no_fit
C062,J011,0.2,weak,weak
C062,J012,0.0,no_fit,no_fit
C062,J013,0.25,medium,no_fit
C062,J014,0.0,no_fit,no_fit
C062,J015,0.0,no_fit,no_fit
C062,J016,1.0,strong,weak
C062,J017,0.286,medium,no_fit
C062,J018,0.0,no_fit,no_fit
C062,J019,0.0,no_fit,no_fit
C062,J020,0.5,strong,no_fit
C062,J021,0.3,medium,weak
C063,J001,0.222,weak,medium
C063,J002,0.0,no_fit,no_fit
C063,J003,0.0,no_fit,no_fit
C063,J004,0.0,no_fit,no_fit
C063,J005,0.0,no_fit,no_fit
C063,J006,0.231,weak,weak
C063,J007,0.0,no_fit,no_fit
C063,J008,0.0,no_fit,no_fit
C063,J009,0.4,strong,weak
C063,J010,0.0,no_fit,no_fit
C063,J011,0.0,no_fit,no_fit
C063,J012,0.0,no_fit,no_fit
C063,J013,0.125,weak,weak
C063,J014,0.333,medium,no_fit
C063,J015,0.0,no_fit,no_fit
C063,J016,0.0,no_fit,no_fit
C063,J017,0.0,no_fit,no_fit
C063,J018,1.0,strong,no_fit
C063,J019,0.0,no_fit,no_fit
C063,J020,0.0,no_fit,no_fit
C063,J021,0.0,no_fit,no_fit
C064,J001,0.0,no_fit,no_fit
C064,J002,0.13,weak,weak
C064,J003,0.2,weak,weak
C064,J004,0.136,weak,weak
C064,J005,0.0,no_fit,no_fit
C064,J006,0.0,no_fit,no_fit
C064,J007,0.0,no_fit,no_fit
C064,J008,0.2,weak,weak
C064,J009,0.0,no_fit,no_fit
C064,J010,0.0,no_fit,no_fit
C064,J011,0.6,strong,no_fit
C064,J012,0.333,medium,no_fit
C064,J013,0.0,no_fit,no_fit
C064,J014,0.0,no_fit,no_fit
C064,J015,0.0,no_fit,no_fit
C064,J016,0.0,no_fit,no_fit
C064,J017,0.0,no_fit,no_fit
C064,J018,0.0,no_fit,no_fit
C064,J019,0.0,no_fit,weak
C064,J020,0.0,no_fit,no_fit
C064,J021,0.0,no_fit,weak
C065,J001,0.0,no_fit,no_fit
C065,J002,0.13,weak,weak
C065,J003,0.0,no_fit,no_fit
C065,J004,0.136,weak,weak
C065,J005,0.214,weak,weak
C065,J006,0.0,no_fit,no_fit
C065,J007,0.182,weak,no_fit
C065,J008,0.2,weak,weak
C065,J009,0.0,no_fit,no_fit
C065,J010,0.125,weak,no_fit
C065,J011,0.2,weak,no_fit
C065,J012,0.0,no_fit,no_fit
C065,J013,0.25,medium,no_fit
C065,J014,0.0,no_fit,no_fit
C065,J015,0.0,no_fit,no_fit
C065,J016,1.0,strong,weak
C065,J017,0.286,medium,no_fit
C065,J018,0.0,no_fit,no_fit
C065,J019,0.0,no_fit,no_fit
C065,J020,0.5,strong,weak
C065,J021,0.3,medium,weak
C066,J001,0.0,no_fit,no_fit
C066,J002,0.0,no_fit,no_fit
C066,J003,0.0,no_fit,no_fit
C066,J004,0.045,no_fit,no_fit
C066,J005,0.0,no_fit,no_fit
C066,J006,0.0,no_fit,no_fit
C066,J007,0.0,no_fit,no_fit
C066,J008,0.0,no_fit,no_fit
C066,J009,0.0,no_fit,no_fit
C066,J010,0.0,no_fit,no_fit
C066,J011,0.0,no_fit,no_fit
C066,J012,0.0,no_fit,no_fit
C066,J013,0.0,no_fit,no_fit
C066,J014,0.0,no_fit,no_fit
C066,J015,0.0,no_fit,no_fit
C066,J016,0.0,no_fit,no_fit
C066,J017,0.0,no_fit,no_fit
C066,J018,0.0,no_fit,no_fit
C066,J019,0.0,no_fit,no_fit
C066,J020,0.0,no_fit,no_fit
C066,J021,0.0,no_fit,no_fit
C067,J001,0.222,weak,no_fit
C067,J002,0.087,no_fit,no_fit
C067,J003,0.0,no_fit,no_fit
C067,J004,0.091,no_fit,no_fit
C067,J005,0.143,weak,no_fit
C067,J006,0.231,weak,no_fit
C067,J007,0.273,medium,no_fit
C067,J008,0.133,weak,no_fit
C067,J009,0.2,weak,no_fit
C067,J010,0.0,no_fit,no_fit
C067,J011,0.0,no_fit,no_fit
C067,J012,0.0,no_fit,no_fit
C067,J013,0.375,medium,no_fit
C067,J014,0.0,no_fit,no_fit
C067,J015,0.0,no_fit,no_fit
C067,J016,0.0,no_fit,no_fit
C067,J017,0.429,strong,no_fit
C067,J018,0.0,no_fit,no_fit
C067,J019,0.0,no_fit,no_fit
C067,J020,0.0,no_fit,no_fit
C067,J021,0.0,no_fit,no_fit
C068,J001,0.0,no_fit,no_fit
C068,J002,0.0,no_fit,weak
C068,J003,0.0,no_fit,no_fit
C068,J004,0.0,no_fit,weak
C068,J005,0.0,no_fit,weak
C068,J006,0.0,no_fit,no_fit
C068,J007,0.0,no_fit,no_fit
C068,J008,0.0,no_fit,weak
C068,J009,0.0,no_fit,no_fit
C068,J010,0.0,no_fit,no_fit
C068,J011,0.0,no_fit,no_fit
C068,J012,0.0,no_fit,no_fit
C068,J013,0.0,no_fit,no_fit
C068,J014,0.0,no_fit,no_fit
C068,J015,0.0,no_fit,no_fit
C068,J016,0.0,no_fit,weak
C068,J017,0.0,no_fit,no_fit
C068,J018,0.0,no_fit,no_fit
C068,J019,0.0,no_fit,no_fit
C068,J020,0.0,no_fit,no_fit
C068,J021,0.0,no_fit,weak
C069,J001,0.0,no_fit,no_fit
C069,J002,0.13,weak,no_fit
C069,J003,0.2,weak,weak
C069,J004,0.136,weak,no_fit
C069,J005,0.214,weak,no_fit
C069,J006,0.0,no_fit,no_fit
C069,J007,0.0,no_fit,no_fit
C069,J008,0.0,no_fit,no_fit
C069,J009,0.0,no_fit,no_fit
C069,J010,0.0,no_fit,no_fit
C069,J011,0.8,strong,weak
C069,J012,0.333,medium,no_fit
C069,J013,0.125,weak,no_fit
C069,J014,0.0,no_fit,no_fit
C069,J015,0.0,no_fit,no_fit
C069,J016,0.0,no_fit,no_fit
C069,J017,0.0,no_fit,no_fit
C069,J018,0.0,no_fit,no_fit
C069,J019,0.0,no_fit,weak
C069,J020,0.0,no_fit,no_fit
C069,J021,0.3,medium,no_fit
C070,J001,0.333,medium,strong
C070,J002,0.0,no_fit,no_fit
C070,J003,0.0,no_fit,no_fit
C070,J004,0.0,no_fit,no_fit
C070,J005,0.0,no_fit,no_fit
C070,J006,0.346,medium,medium
C070,J007,0.0,no_fit,no_fit
C070,J008,0.0,no_fit,no_fit
C070,J009,0.6,strong,medium
C070,J010,0.0,no_fit,no_fit
C070,J011,0.0,no_fit,no_fit
C070,J012,0.0,no_fit,no_fit
C070,J013,0.125,weak,weak
C070,J014,0.333,medium,no_fit
C070,J015,0.0,no_fit,no_fit
C070,J016,0.0,no_fit,no_fit
C070,J017,0.0,no_fit,no_fit
C070,J018,1.0,strong,no_fit
C070,J019,0.0,no_fit,no_fit
C070,J020,0.0,no_fit,no_fit
C070,J021,0.0,no_fit,no_fit
